Episode,Step,Avg_Success,Avg_Reward,Avg_Cost
0,259,0,-238.08070597052574,0
1,253,0,-235.74264025781304,0
2,251,0,-234.5923788032184,0
3,250,0,-247.66684833727777,0
4,249,0,-244.0725186407566,0
5,249,0,-249.46714353033653,0
6,249,0,-250.49492117815785,0
7,248,0,-249.93434838415124,0
8,248,0,-247.57667733615057,0
